customer_id,account_number,account_type,account_balance
C0001,AC100000,Savings,85356
C0002,AC100001,Savings,121579
C0003,AC100002,Savings,289672
C0004,AC100003,Savings,40338
C0005,AC100004,Salary,102181
C0006,AC100005,Savings,178827
C0007,AC100006,Salary,14236
C0008,AC100007,Savings,72483
C0009,AC100008,Savings,11000
C0010,AC100009,Savings,87418
C0011,AC100010,Current,91848
C0012,AC100011,Current,268817
C0013,AC100012,Savings,99246
C0014,AC100013,Savings,31526
C0015,AC100014,Salary,19566
C0016,AC100015,Savings,40822
C0017,AC100016,Salary,123817
C0018,AC100017,Current,150445
C0019,AC100018,Savings,126043
C0020,AC100019,Savings,239962
C0021,AC100020,Savings,11005
C0022,AC100021,Salary,38909
C0023,AC100022,Savings,12988
C0024,AC100023,Savings,80045
C0025,AC100024,Savings,13873
C0026,AC100025,Savings,16148
C0027,AC100026,Savings,70494
C0028,AC100027,Salary,44546
C0029,AC100028,Savings,81342
C0030,AC100029,Salary,78921
C0031,AC100030,Salary,111086
C0032,AC100031,Savings,115641
C0033,AC100032,Savings,161971
C0034,AC100033,Savings,26409
C0035,AC100034,Current,37597
C0036,AC100035,Savings,39919
C0037,AC100036,Salary,21190
C0038,AC100037,Current,127107
C0039,AC100038,Savings,10311
C0040,AC100039,Current,280968
C0041,AC100040,Savings,77595
C0042,AC100041,Salary,142650
C0043,AC100042,Savings,94141
C0044,AC100043,Savings,145205
C0045,AC100044,Savings,122339
C0046,AC100045,Salary,82687
C0047,AC100046,Savings,70661
C0048,AC100047,Salary,110278
C0049,AC100048,Savings,101845
C0050,AC100049,Savings,125019
C0051,AC100050,Savings,71337
C0052,AC100051,Savings,81656
C0053,AC100052,Savings,26640
C0054,AC100053,Savings,81455
C0055,AC100054,Current,110916
C0056,AC100055,Savings,76295
C0057,AC100056,Savings,158211
C0058,AC100057,Savings,97002
C0059,AC100058,Current,129200
C0060,AC100059,Savings,30298
C0061,AC100060,Savings,125650
C0062,AC100061,Savings,78549
C0063,AC100062,Current,15500
C0064,AC100063,Salary,17022
C0065,AC100064,Savings,91975
C0066,AC100065,Savings,197816
C0067,AC100066,Salary,171036
C0068,AC100067,Salary,62439
C0069,AC100068,Current,45438
C0070,AC100069,Salary,13486
C0071,AC100070,Current,29682
C0072,AC100071,Current,47693
C0073,AC100072,Savings,110941
C0074,AC100073,Savings,18262
C0075,AC100074,Savings,76034
C0076,AC100075,Salary,96235
C0077,AC100076,Salary,84291
C0078,AC100077,Current,152065
C0079,AC100078,Savings,28143
C0080,AC100079,Savings,31345
C0081,AC100080,Savings,24260
C0082,AC100081,Savings,156605
C0083,AC100082,Current,49727
C0084,AC100083,Salary,40734
C0085,AC100084,Savings,40799
C0086,AC100085,Savings,26759
C0087,AC100086,Current,24513
C0088,AC100087,Savings,24522
C0089,AC100088,Salary,102320
C0090,AC100089,Savings,32052
C0091,AC100090,Savings,17182
C0092,AC100091,Savings,5790
C0093,AC100092,Savings,58161
C0094,AC100093,Current,65514
C0095,AC100094,Savings,23249
C0096,AC100095,Savings,47699
C0097,AC100096,Savings,39670
C0098,AC100097,Savings,12034
C0099,AC100098,Savings,53777
C0100,AC100099,Savings,79706
C0101,AC100100,Current,58810
C0102,AC100101,Salary,115119
C0103,AC100102,Savings,151687
C0104,AC100103,Savings,77297
C0105,AC100104,Savings,69876
C0106,AC100105,Savings,138906
C0107,AC100106,Current,8842
C0108,AC100107,Salary,137528
C0109,AC100108,Current,19083
C0110,AC100109,Savings,165450
C0111,AC100110,Savings,129967
C0112,AC100111,Salary,48232
C0113,AC100112,Savings,52560
C0114,AC100113,Savings,25210
C0115,AC100114,Salary,91453
C0116,AC100115,Current,109748
C0117,AC100116,Current,18386
C0118,AC100117,Savings,10494
C0119,AC100118,Savings,115194
C0120,AC100119,Savings,455907
C0121,AC100120,Current,9846
C0122,AC100121,Savings,27004
C0123,AC100122,Salary,182093
C0124,AC100123,Salary,14249
C0125,AC100124,Savings,75772
C0126,AC100125,Savings,124022
C0127,AC100126,Savings,68585
C0128,AC100127,Salary,130138
C0129,AC100128,Current,25677
C0130,AC100129,Current,101502
C0131,AC100130,Savings,43259
C0132,AC100131,Savings,28421
C0133,AC100132,Current,28670
C0134,AC100133,Savings,49473
C0135,AC100134,Current,36817
C0136,AC100135,Salary,92000
C0137,AC100136,Savings,79358
C0138,AC100137,Savings,121972
C0139,AC100138,Savings,67934
C0140,AC100139,Savings,57075
C0141,AC100140,Current,35843
C0142,AC100141,Current,157152
C0143,AC100142,Salary,120037
C0144,AC100143,Current,85778
C0145,AC100144,Savings,169964
C0146,AC100145,Savings,100985
C0147,AC100146,Salary,16932
C0148,AC100147,Savings,188599
C0149,AC100148,Current,86271
C0150,AC100149,Salary,3868
C0151,AC100150,Savings,31045
C0152,AC100151,Savings,167368
C0153,AC100152,Savings,42656
C0154,AC100153,Salary,66176
C0155,AC100154,Savings,33350
C0156,AC100155,Salary,150056
C0157,AC100156,Current,99703
C0158,AC100157,Salary,62128
C0159,AC100158,Savings,84565
C0160,AC100159,Savings,78121
C0161,AC100160,Salary,22756
C0162,AC100161,Salary,193163
C0163,AC100162,Savings,21713
C0164,AC100163,Current,31442
C0165,AC100164,Salary,49979
C0166,AC100165,Savings,61582
C0167,AC100166,Savings,31934
C0168,AC100167,Salary,50815
C0169,AC100168,Savings,30709
C0170,AC100169,Savings,29325
C0171,AC100170,Salary,21736
C0172,AC100171,Savings,96503
C0173,AC100172,Savings,39668
C0174,AC100173,Salary,134710
C0175,AC100174,Current,77815
C0176,AC100175,Salary,41999
C0177,AC100176,Salary,73779
C0178,AC100177,Savings,93991
C0179,AC100178,Savings,28769
C0180,AC100179,Savings,46267
C0181,AC100180,Savings,103884
C0182,AC100181,Current,22347
C0183,AC100182,Current,63919
C0184,AC100183,Savings,14309
C0185,AC100184,Savings,246379
C0186,AC100185,Savings,30311
C0187,AC100186,Savings,61637
C0188,AC100187,Savings,84298
C0189,AC100188,Savings,81375
C0190,AC100189,Current,26394
C0191,AC100190,Savings,106672
C0192,AC100191,Savings,37554
C0193,AC100192,Current,17275
C0194,AC100193,Savings,41542
C0195,AC100194,Savings,85400
C0196,AC100195,Savings,12078
C0197,AC100196,Savings,19121
C0198,AC100197,Savings,14706
C0199,AC100198,Salary,40932
C0200,AC100199,Savings,67750
C0201,AC100200,Salary,47920
C0202,AC100201,Savings,54527
C0203,AC100202,Savings,10556
C0204,AC100203,Savings,21047
C0205,AC100204,Savings,131381
C0206,AC100205,Savings,48961
C0207,AC100206,Savings,17254
C0208,AC100207,Savings,62783
C0209,AC100208,Savings,153438
C0210,AC100209,Savings,39633
C0211,AC100210,Savings,61772
C0212,AC100211,Savings,97564
C0213,AC100212,Current,13391
C0214,AC100213,Salary,139362
C0215,AC100214,Savings,31278
C0216,AC100215,Savings,50299
C0217,AC100216,Savings,27044
C0218,AC100217,Salary,49723
C0219,AC100218,Savings,131671
C0220,AC100219,Current,47261
C0221,AC100220,Savings,79998
C0222,AC100221,Savings,63028
C0223,AC100222,Savings,9118
C0224,AC100223,Savings,80833
C0225,AC100224,Salary,76591
C0226,AC100225,Savings,15091
C0227,AC100226,Savings,35638
C0228,AC100227,Current,177028
C0229,AC100228,Current,89290
C0230,AC100229,Savings,97703
C0231,AC100230,Savings,30905
C0232,AC100231,Savings,75456
C0233,AC100232,Savings,27538
C0234,AC100233,Current,62009
C0235,AC100234,Savings,14007
C0236,AC100235,Savings,39886
C0237,AC100236,Savings,74451
C0238,AC100237,Salary,137936
C0239,AC100238,Savings,146240
C0240,AC100239,Savings,38207
C0241,AC100240,Salary,21753
C0242,AC100241,Savings,154069
C0243,AC100242,Salary,13058
C0244,AC100243,Savings,69589
C0245,AC100244,Savings,156061
C0246,AC100245,Current,5348
C0247,AC100246,Salary,23596
C0248,AC100247,Savings,39198
C0249,AC100248,Salary,11501
C0250,AC100249,Current,44248
C0251,AC100250,Salary,79603
C0252,AC100251,Savings,71691
C0253,AC100252,Savings,31215
C0254,AC100253,Salary,64805
C0255,AC100254,Salary,95417
C0256,AC100255,Savings,113900
C0257,AC100256,Savings,17369
C0258,AC100257,Savings,55642
C0259,AC100258,Savings,155128
C0260,AC100259,Savings,86461
C0261,AC100260,Savings,50607
C0262,AC100261,Savings,45721
C0263,AC100262,Current,36035
C0264,AC100263,Savings,38636
C0265,AC100264,Savings,59575
C0266,AC100265,Savings,359153
C0267,AC100266,Current,75076
C0268,AC100267,Savings,69853
C0269,AC100268,Savings,17422
C0270,AC100269,Current,70080
C0271,AC100270,Salary,162261
C0272,AC100271,Current,140591
C0273,AC100272,Salary,41625
C0274,AC100273,Current,75460
C0275,AC100274,Current,20523
C0276,AC100275,Savings,79437
C0277,AC100276,Savings,56377
C0278,AC100277,Savings,37080
C0279,AC100278,Savings,89457
C0280,AC100279,Savings,192717
C0281,AC100280,Savings,116596
C0282,AC100281,Current,180097
C0283,AC100282,Savings,35062
C0284,AC100283,Savings,51811
C0285,AC100284,Salary,82936
C0286,AC100285,Savings,64181
C0287,AC100286,Savings,50120
C0288,AC100287,Savings,55675
C0289,AC100288,Salary,34195
C0290,AC100289,Savings,19769
C0291,AC100290,Current,36512
C0292,AC100291,Savings,42489
C0293,AC100292,Savings,205561
C0294,AC100293,Savings,22047
C0295,AC100294,Current,139161
C0296,AC100295,Salary,110596
C0297,AC100296,Current,80949
C0298,AC100297,Current,50745
C0299,AC100298,Savings,111797
C0300,AC100299,Current,63094
C0301,AC100300,Savings,143536
C0302,AC100301,Current,152266
C0303,AC100302,Savings,79324
C0304,AC100303,Savings,23379
C0305,AC100304,Savings,48793
C0306,AC100305,Savings,154353
C0307,AC100306,Savings,54443
C0308,AC100307,Current,104404
C0309,AC100308,Savings,106609
C0310,AC100309,Savings,149862
C0311,AC100310,Current,120504
C0312,AC100311,Savings,40507
C0313,AC100312,Current,147631
C0314,AC100313,Savings,208808
C0315,AC100314,Salary,127743
C0316,AC100315,Current,21661
C0317,AC100316,Savings,18479
C0318,AC100317,Savings,205183
C0319,AC100318,Savings,92763
C0320,AC100319,Salary,65165
C0321,AC100320,Savings,21857
C0322,AC100321,Savings,9109
C0323,AC100322,Savings,92516
C0324,AC100323,Salary,94317
C0325,AC100324,Savings,171020
C0326,AC100325,Salary,61143
C0327,AC100326,Savings,21533
C0328,AC100327,Savings,33095
C0329,AC100328,Savings,28837
C0330,AC100329,Salary,138236
C0331,AC100330,Salary,9686
C0332,AC100331,Savings,29662
C0333,AC100332,Savings,105950
C0334,AC100333,Current,10183
C0335,AC100334,Savings,94374
C0336,AC100335,Savings,45661
C0337,AC100336,Savings,141641
C0338,AC100337,Savings,12405
C0339,AC100338,Savings,20945
C0340,AC100339,Savings,52686
C0341,AC100340,Savings,18790
C0342,AC100341,Salary,70855
C0343,AC100342,Savings,11874
C0344,AC100343,Current,58454
C0345,AC100344,Savings,66143
C0346,AC100345,Current,24445
C0347,AC100346,Savings,20920
C0348,AC100347,Current,39816
C0349,AC100348,Savings,71108
C0350,AC100349,Salary,20418
C0351,AC100350,Savings,54343
C0352,AC100351,Savings,22791
C0353,AC100352,Salary,21217
C0354,AC100353,Savings,121633
C0355,AC100354,Savings,57702
C0356,AC100355,Salary,72411
C0357,AC100356,Savings,53168
C0358,AC100357,Savings,10567
C0359,AC100358,Salary,103908
C0360,AC100359,Savings,3331
C0361,AC100360,Salary,58953
C0362,AC100361,Savings,23086
C0363,AC100362,Current,127126
C0364,AC100363,Savings,16197
C0365,AC100364,Salary,55266
C0366,AC100365,Savings,203749
C0367,AC100366,Savings,43261
C0368,AC100367,Current,15359
C0369,AC100368,Savings,53638
C0370,AC100369,Salary,24220
C0371,AC100370,Salary,75859
C0372,AC100371,Savings,59395
C0373,AC100372,Salary,21003
C0374,AC100373,Savings,16986
C0375,AC100374,Savings,219687
C0376,AC100375,Savings,287280
C0377,AC100376,Current,92433
C0378,AC100377,Savings,6002
C0379,AC100378,Current,70020
C0380,AC100379,Savings,89637
C0381,AC100380,Current,40424
C0382,AC100381,Savings,58760
C0383,AC100382,Salary,156690
C0384,AC100383,Savings,8886
C0385,AC100384,Savings,67519
C0386,AC100385,Savings,55246
C0387,AC100386,Current,23769
C0388,AC100387,Savings,68085
C0389,AC100388,Current,35360
C0390,AC100389,Savings,54646
C0391,AC100390,Current,289640
C0392,AC100391,Savings,134304
C0393,AC100392,Savings,24311
C0394,AC100393,Savings,156832
C0395,AC100394,Savings,23545
C0396,AC100395,Savings,12637
C0397,AC100396,Salary,44174
C0398,AC100397,Salary,25380
C0399,AC100398,Current,13375
C0400,AC100399,Savings,73793
C0401,AC100400,Savings,13374
C0402,AC100401,Current,47741
C0403,AC100402,Savings,88634
C0404,AC100403,Salary,74890
C0405,AC100404,Savings,131735
C0406,AC100405,Salary,80931
C0407,AC100406,Savings,34555
C0408,AC100407,Current,54610
C0409,AC100408,Savings,18609
C0410,AC100409,Salary,33736
C0411,AC100410,Savings,99903
C0412,AC100411,Current,148068
C0413,AC100412,Salary,163250
C0414,AC100413,Savings,38149
C0415,AC100414,Savings,63600
C0416,AC100415,Savings,22715
C0417,AC100416,Savings,33653
C0418,AC100417,Savings,28921
C0419,AC100418,Savings,29601
C0420,AC100419,Savings,243128
C0421,AC100420,Current,99269
C0422,AC100421,Current,79018
C0423,AC100422,Savings,14023
C0424,AC100423,Salary,96479
C0425,AC100424,Salary,171208
C0426,AC100425,Savings,38782
C0427,AC100426,Savings,143251
C0428,AC100427,Savings,61269
C0429,AC100428,Current,72237
C0430,AC100429,Current,15772
C0431,AC100430,Savings,89055
C0432,AC100431,Current,117975
C0433,AC100432,Savings,79317
C0434,AC100433,Savings,73990
C0435,AC100434,Current,48135
C0436,AC100435,Current,47778
C0437,AC100436,Savings,405569
C0438,AC100437,Savings,51262
C0439,AC100438,Salary,73296
C0440,AC100439,Current,56390
C0441,AC100440,Current,29872
C0442,AC100441,Savings,142422
C0443,AC100442,Savings,30707
C0444,AC100443,Savings,48544
C0445,AC100444,Savings,6946
C0446,AC100445,Current,15646
C0447,AC100446,Savings,68332
C0448,AC100447,Savings,84062
C0449,AC100448,Savings,13449
C0450,AC100449,Savings,31946
C0451,AC100450,Salary,10628
C0452,AC100451,Current,86560
C0453,AC100452,Savings,37833
C0454,AC100453,Current,39069
C0455,AC100454,Current,59768
C0456,AC100455,Current,94071
C0457,AC100456,Savings,79967
C0458,AC100457,Savings,190767
C0459,AC100458,Savings,52171
C0460,AC100459,Salary,82499
C0461,AC100460,Current,43848
C0462,AC100461,Savings,71012
C0463,AC100462,Savings,47426
C0464,AC100463,Savings,62721
C0465,AC100464,Savings,186608
C0466,AC100465,Salary,131388
C0467,AC100466,Savings,189570
C0468,AC100467,Savings,29651
C0469,AC100468,Salary,11113
C0470,AC100469,Savings,9978
C0471,AC100470,Salary,71548
C0472,AC100471,Savings,30523
C0473,AC100472,Savings,123289
C0474,AC100473,Savings,126492
C0475,AC100474,Current,33712
C0476,AC100475,Savings,23413
C0477,AC100476,Savings,61304
C0478,AC100477,Salary,8307
C0479,AC100478,Savings,54985
C0480,AC100479,Savings,61534
C0481,AC100480,Savings,90429
C0482,AC100481,Savings,51413
C0483,AC100482,Current,33628
C0484,AC100483,Current,40692
C0485,AC100484,Salary,83737
C0486,AC100485,Current,185307
C0487,AC100486,Savings,60628
C0488,AC100487,Salary,137488
C0489,AC100488,Savings,116006
C0490,AC100489,Savings,7882
C0491,AC100490,Savings,18832
C0492,AC100491,Savings,69123
C0493,AC100492,Current,25875
C0494,AC100493,Savings,95268
C0495,AC100494,Savings,66404
C0496,AC100495,Savings,19858
C0497,AC100496,Savings,57262
C0498,AC100497,Savings,38021
C0499,AC100498,Current,25264
C0500,AC100499,Savings,5507
C0501,AC100500,Salary,114731
C0502,AC100501,Savings,149078
C0503,AC100502,Savings,24055
C0504,AC100503,Current,5293
C0505,AC100504,Salary,100264
C0506,AC100505,Savings,120924
C0507,AC100506,Current,54620
C0508,AC100507,Salary,66531
C0509,AC100508,Salary,138719
C0510,AC100509,Current,162509
C0511,AC100510,Current,55290
C0512,AC100511,Savings,76625
C0513,AC100512,Salary,52525
C0514,AC100513,Savings,34282
C0515,AC100514,Salary,212913
C0516,AC100515,Savings,44442
C0517,AC100516,Savings,72990
C0518,AC100517,Savings,49039
C0519,AC100518,Savings,6345
C0520,AC100519,Savings,67860
C0521,AC100520,Current,66232
C0522,AC100521,Current,156920
C0523,AC100522,Current,148537
C0524,AC100523,Savings,106847
C0525,AC100524,Current,49444
C0526,AC100525,Savings,138749
C0527,AC100526,Savings,28012
C0528,AC100527,Current,99013
C0529,AC100528,Salary,67489
C0530,AC100529,Savings,110876
C0531,AC100530,Savings,144711
C0532,AC100531,Savings,122073
C0533,AC100532,Savings,145317
C0534,AC100533,Savings,31884
C0535,AC100534,Salary,137831
C0536,AC100535,Salary,34849
C0537,AC100536,Current,61359
C0538,AC100537,Savings,35159
C0539,AC100538,Salary,81390
C0540,AC100539,Savings,38222
C0541,AC100540,Savings,116194
C0542,AC100541,Savings,159740
C0543,AC100542,Current,105774
C0544,AC100543,Salary,119673
C0545,AC100544,Savings,71034
C0546,AC100545,Savings,214033
C0547,AC100546,Savings,81763
C0548,AC100547,Salary,73738
C0549,AC100548,Savings,124413
C0550,AC100549,Savings,11306
C0551,AC100550,Current,26889
C0552,AC100551,Savings,60991
C0553,AC100552,Savings,57717
C0554,AC100553,Savings,144690
C0555,AC100554,Current,49343
C0556,AC100555,Savings,62040
C0557,AC100556,Salary,75555
C0558,AC100557,Current,96270
C0559,AC100558,Savings,46828
C0560,AC100559,Savings,83181
C0561,AC100560,Savings,54924
C0562,AC100561,Savings,51501
C0563,AC100562,Salary,20718
C0564,AC100563,Salary,15441
C0565,AC100564,Savings,52206
C0566,AC100565,Savings,23733
C0567,AC100566,Savings,36117
C0568,AC100567,Savings,279012
C0569,AC100568,Current,30629
C0570,AC100569,Savings,94752
C0571,AC100570,Salary,57684
C0572,AC100571,Savings,26888
C0573,AC100572,Current,37070
C0574,AC100573,Salary,71633
C0575,AC100574,Savings,90261
C0576,AC100575,Savings,25894
C0577,AC100576,Savings,63758
C0578,AC100577,Savings,39800
C0579,AC100578,Salary,32800
C0580,AC100579,Salary,1998
C0581,AC100580,Salary,78562
C0582,AC100581,Salary,69033
C0583,AC100582,Savings,100969
C0584,AC100583,Salary,119149
C0585,AC100584,Salary,101360
C0586,AC100585,Savings,92881
C0587,AC100586,Savings,15470
C0588,AC100587,Savings,37063
C0589,AC100588,Savings,207052
C0590,AC100589,Savings,38929
C0591,AC100590,Salary,9359
C0592,AC100591,Salary,122993
C0593,AC100592,Savings,138612
C0594,AC100593,Savings,60470
C0595,AC100594,Salary,23619
C0596,AC100595,Current,198389
C0597,AC100596,Savings,7340
C0598,AC100597,Current,18731
C0599,AC100598,Salary,187460
C0600,AC100599,Salary,34937
C0601,AC100600,Savings,33643
C0602,AC100601,Savings,23410
C0603,AC100602,Salary,96040
C0604,AC100603,Savings,25282
C0605,AC100604,Current,42903
C0606,AC100605,Savings,190667
C0607,AC100606,Savings,61826
C0608,AC100607,Savings,246229
C0609,AC100608,Savings,41068
C0610,AC100609,Salary,187274
C0611,AC100610,Savings,154222
C0612,AC100611,Salary,27687
C0613,AC100612,Salary,235643
C0614,AC100613,Savings,155794
C0615,AC100614,Current,70271
C0616,AC100615,Savings,24949
C0617,AC100616,Current,18003
C0618,AC100617,Savings,160399
C0619,AC100618,Savings,137084
C0620,AC100619,Savings,82994
C0621,AC100620,Current,23835
C0622,AC100621,Salary,65867
C0623,AC100622,Savings,53488
C0624,AC100623,Savings,39914
C0625,AC100624,Savings,120412
C0626,AC100625,Salary,144410
C0627,AC100626,Savings,77368
C0628,AC100627,Current,231318
C0629,AC100628,Savings,67631
C0630,AC100629,Current,46278
C0631,AC100630,Salary,12553
C0632,AC100631,Current,60580
C0633,AC100632,Current,143846
C0634,AC100633,Savings,106213
C0635,AC100634,Salary,170883
C0636,AC100635,Current,346909
C0637,AC100636,Salary,55774
C0638,AC100637,Savings,111715
C0639,AC100638,Savings,11078
C0640,AC100639,Savings,37898
C0641,AC100640,Savings,19987
C0642,AC100641,Savings,62727
C0643,AC100642,Salary,27363
C0644,AC100643,Current,113722
C0645,AC100644,Salary,35954
C0646,AC100645,Savings,14887
C0647,AC100646,Savings,112416
C0648,AC100647,Salary,20091
C0649,AC100648,Savings,33919
C0650,AC100649,Savings,46554
C0651,AC100650,Salary,44607
C0652,AC100651,Savings,19529
C0653,AC100652,Savings,128327
C0654,AC100653,Salary,54052
C0655,AC100654,Savings,132849
C0656,AC100655,Salary,5762
C0657,AC100656,Savings,156882
C0658,AC100657,Current,95015
C0659,AC100658,Savings,51964
C0660,AC100659,Current,60983
C0661,AC100660,Savings,64959
C0662,AC100661,Salary,39657
C0663,AC100662,Savings,117509
C0664,AC100663,Savings,8849
C0665,AC100664,Current,109164
C0666,AC100665,Savings,169369
C0667,AC100666,Savings,46431
C0668,AC100667,Savings,9801
C0669,AC100668,Savings,93058
C0670,AC100669,Savings,105595
C0671,AC100670,Savings,35940
C0672,AC100671,Savings,147692
C0673,AC100672,Current,81454
C0674,AC100673,Savings,21123
C0675,AC100674,Savings,42470
C0676,AC100675,Salary,12173
C0677,AC100676,Salary,167789
C0678,AC100677,Savings,14831
C0679,AC100678,Savings,79857
C0680,AC100679,Salary,88044
C0681,AC100680,Savings,107707
C0682,AC100681,Savings,29845
C0683,AC100682,Savings,28856
C0684,AC100683,Current,96353
C0685,AC100684,Savings,108113
C0686,AC100685,Current,29375
C0687,AC100686,Current,11410
C0688,AC100687,Savings,142117
C0689,AC100688,Salary,166266
C0690,AC100689,Savings,137641
C0691,AC100690,Current,5240
C0692,AC100691,Savings,31599
C0693,AC100692,Savings,28191
C0694,AC100693,Savings,54259
C0695,AC100694,Savings,19380
C0696,AC100695,Savings,76099
C0697,AC100696,Savings,95290
C0698,AC100697,Savings,188269
C0699,AC100698,Current,59729
C0700,AC100699,Savings,20689
C0701,AC100700,Current,81635
C0702,AC100701,Savings,113180
C0703,AC100702,Savings,31356
C0704,AC100703,Savings,26193
C0705,AC100704,Savings,64811
C0706,AC100705,Savings,198066
C0707,AC100706,Savings,72063
C0708,AC100707,Salary,281701
C0709,AC100708,Salary,21592
C0710,AC100709,Savings,117607
C0711,AC100710,Salary,93225
C0712,AC100711,Savings,45197
C0713,AC100712,Savings,15067
C0714,AC100713,Current,119456
C0715,AC100714,Savings,33564
C0716,AC100715,Savings,69671
C0717,AC100716,Savings,29443
C0718,AC100717,Savings,82785
C0719,AC100718,Savings,187571
C0720,AC100719,Savings,151272
C0721,AC100720,Savings,169258
C0722,AC100721,Savings,78499
C0723,AC100722,Current,206899
C0724,AC100723,Savings,51870
C0725,AC100724,Current,2526
C0726,AC100725,Current,139782
C0727,AC100726,Current,47149
C0728,AC100727,Current,61582
C0729,AC100728,Savings,8515
C0730,AC100729,Savings,21772
C0731,AC100730,Savings,28779
C0732,AC100731,Salary,108301
C0733,AC100732,Current,76048
C0734,AC100733,Savings,72565
C0735,AC100734,Savings,22655
C0736,AC100735,Salary,102523
C0737,AC100736,Savings,28093
C0738,AC100737,Savings,13969
C0739,AC100738,Savings,112344
C0740,AC100739,Salary,45926
C0741,AC100740,Savings,44341
C0742,AC100741,Savings,107368
C0743,AC100742,Current,31104
C0744,AC100743,Savings,63437
C0745,AC100744,Salary,49265
C0746,AC100745,Savings,51564
C0747,AC100746,Savings,19900
C0748,AC100747,Salary,114323
C0749,AC100748,Salary,255372
C0750,AC100749,Savings,66180
C0751,AC100750,Savings,105425
C0752,AC100751,Salary,75284
C0753,AC100752,Savings,188560
C0754,AC100753,Salary,73523
C0755,AC100754,Salary,39982
C0756,AC100755,Savings,7703
C0757,AC100756,Salary,35105
C0758,AC100757,Savings,137713
C0759,AC100758,Current,93527
C0760,AC100759,Savings,118890
C0761,AC100760,Salary,59981
C0762,AC100761,Current,152779
C0763,AC100762,Current,126106
C0764,AC100763,Salary,7582
C0765,AC100764,Savings,219626
C0766,AC100765,Savings,59518
C0767,AC100766,Salary,76618
C0768,AC100767,Current,9733
C0769,AC100768,Salary,109013
C0770,AC100769,Salary,233874
C0771,AC100770,Savings,122679
C0772,AC100771,Savings,127950
C0773,AC100772,Savings,97114
C0774,AC100773,Current,62122
C0775,AC100774,Savings,21026
C0776,AC100775,Salary,116120
C0777,AC100776,Savings,18402
C0778,AC100777,Savings,19146
C0779,AC100778,Savings,26669
C0780,AC100779,Savings,35586
C0781,AC100780,Current,36612
C0782,AC100781,Savings,33566
C0783,AC100782,Savings,33455
C0784,AC100783,Savings,98209
C0785,AC100784,Salary,62137
C0786,AC100785,Salary,244125
C0787,AC100786,Savings,46509
C0788,AC100787,Current,107972
C0789,AC100788,Savings,60978
C0790,AC100789,Savings,105214
C0791,AC100790,Current,61059
C0792,AC100791,Savings,114116
C0793,AC100792,Current,156423
C0794,AC100793,Savings,30373
C0795,AC100794,Salary,48125
C0796,AC100795,Savings,112919
C0797,AC100796,Savings,52761
C0798,AC100797,Salary,22383
C0799,AC100798,Savings,7205
C0800,AC100799,Savings,35108
C0801,AC100800,Savings,127761
C0802,AC100801,Current,35657
C0803,AC100802,Savings,21021
C0804,AC100803,Savings,12316
C0805,AC100804,Current,76371
C0806,AC100805,Savings,35486
C0807,AC100806,Current,275275
C0808,AC100807,Savings,102139
C0809,AC100808,Savings,96577
C0810,AC100809,Savings,239831
C0811,AC100810,Current,115233
C0812,AC100811,Savings,16941
C0813,AC100812,Savings,85845
C0814,AC100813,Savings,14228
C0815,AC100814,Savings,239689
C0816,AC100815,Savings,57069
C0817,AC100816,Savings,39310
C0818,AC100817,Current,5035
C0819,AC100818,Savings,154156
C0820,AC100819,Savings,27359
C0821,AC100820,Savings,58378
C0822,AC100821,Savings,54284
C0823,AC100822,Savings,6617
C0824,AC100823,Salary,52759
C0825,AC100824,Current,150767
C0826,AC100825,Current,47603
C0827,AC100826,Salary,47557
C0828,AC100827,Savings,81071
C0829,AC100828,Savings,59450
C0830,AC100829,Current,149937
C0831,AC100830,Savings,100521
C0832,AC100831,Savings,74512
C0833,AC100832,Current,75433
C0834,AC100833,Salary,21467
C0835,AC100834,Savings,76904
C0836,AC100835,Savings,423877
C0837,AC100836,Current,17855
C0838,AC100837,Salary,38752
C0839,AC100838,Current,72993
C0840,AC100839,Salary,118435
C0841,AC100840,Savings,56530
C0842,AC100841,Savings,26816
C0843,AC100842,Savings,72017
C0844,AC100843,Savings,88585
C0845,AC100844,Salary,58199
C0846,AC100845,Salary,70932
C0847,AC100846,Savings,4245
C0848,AC100847,Savings,120054
C0849,AC100848,Savings,39178
C0850,AC100849,Salary,34118
C0851,AC100850,Savings,35556
C0852,AC100851,Savings,19065
C0853,AC100852,Savings,37354
C0854,AC100853,Savings,87825
C0855,AC100854,Salary,125046
C0856,AC100855,Savings,24635
C0857,AC100856,Savings,45374
C0858,AC100857,Savings,111585
C0859,AC100858,Savings,95709
C0860,AC100859,Current,22899
C0861,AC100860,Savings,56613
C0862,AC100861,Savings,52535
C0863,AC100862,Salary,50454
C0864,AC100863,Savings,126650
C0865,AC100864,Current,85552
C0866,AC100865,Savings,9919
C0867,AC100866,Savings,157732
C0868,AC100867,Current,44342
C0869,AC100868,Salary,22031
C0870,AC100869,Savings,16846
C0871,AC100870,Savings,22523
C0872,AC100871,Savings,109297
C0873,AC100872,Savings,13837
C0874,AC100873,Savings,138790
C0875,AC100874,Current,41273
C0876,AC100875,Savings,36776
C0877,AC100876,Savings,78410
C0878,AC100877,Current,39619
C0879,AC100878,Savings,122425
C0880,AC100879,Current,66231
C0881,AC100880,Savings,32891
C0882,AC100881,Savings,41220
C0883,AC100882,Salary,112111
C0884,AC100883,Savings,94697
C0885,AC100884,Savings,28620
C0886,AC100885,Current,57204
C0887,AC100886,Salary,31922
C0888,AC100887,Salary,51532
C0889,AC100888,Savings,94668
C0890,AC100889,Savings,32477
C0891,AC100890,Salary,63059
C0892,AC100891,Savings,58980
C0893,AC100892,Savings,10227
C0894,AC100893,Salary,22353
C0895,AC100894,Savings,45348
C0896,AC100895,Savings,21954
C0897,AC100896,Salary,276991
C0898,AC100897,Savings,63123
C0899,AC100898,Savings,32966
C0900,AC100899,Savings,25402
C0901,AC100900,Current,24921
C0902,AC100901,Savings,43134
C0903,AC100902,Savings,42115
C0904,AC100903,Current,7912
C0905,AC100904,Salary,81879
C0906,AC100905,Savings,42426
C0907,AC100906,Current,30834
C0908,AC100907,Current,81728
C0909,AC100908,Current,82441
C0910,AC100909,Savings,73377
C0911,AC100910,Salary,48726
C0912,AC100911,Savings,66778
C0913,AC100912,Savings,63227
C0914,AC100913,Savings,118924
C0915,AC100914,Current,45084
C0916,AC100915,Savings,47652
C0917,AC100916,Savings,17661
C0918,AC100917,Current,36412
C0919,AC100918,Salary,26771
C0920,AC100919,Current,54814
C0921,AC100920,Savings,34751
C0922,AC100921,Savings,45991
C0923,AC100922,Current,62601
C0924,AC100923,Savings,136252
C0925,AC100924,Current,251274
C0926,AC100925,Savings,21861
C0927,AC100926,Salary,145654
C0928,AC100927,Savings,46682
C0929,AC100928,Savings,128444
C0930,AC100929,Salary,21564
C0931,AC100930,Savings,90817
C0932,AC100931,Savings,25207
C0933,AC100932,Salary,94416
C0934,AC100933,Savings,95032
C0935,AC100934,Savings,128686
C0936,AC100935,Savings,25595
C0937,AC100936,Savings,98216
C0938,AC100937,Savings,17407
C0939,AC100938,Current,16804
C0940,AC100939,Current,23079
C0941,AC100940,Savings,40689
C0942,AC100941,Savings,281445
C0943,AC100942,Salary,38934
C0944,AC100943,Salary,68015
C0945,AC100944,Savings,165108
C0946,AC100945,Salary,35852
C0947,AC100946,Current,171010
C0948,AC100947,Savings,76019
C0949,AC100948,Savings,79082
C0950,AC100949,Savings,128192
C0951,AC100950,Salary,32131
C0952,AC100951,Current,78496
C0953,AC100952,Current,13772
C0954,AC100953,Savings,11711
C0955,AC100954,Current,228922
C0956,AC100955,Current,103808
C0957,AC100956,Salary,100258
C0958,AC100957,Savings,189791
C0959,AC100958,Current,117984
C0960,AC100959,Savings,15604
C0961,AC100960,Current,13378
C0962,AC100961,Current,47597
C0963,AC100962,Savings,8186
C0964,AC100963,Current,22287
C0965,AC100964,Savings,104574
C0966,AC100965,Salary,6377
C0967,AC100966,Savings,65644
C0968,AC100967,Current,32953
C0969,AC100968,Salary,79422
C0970,AC100969,Savings,234818
C0971,AC100970,Savings,114945
C0972,AC100971,Savings,30493
C0973,AC100972,Savings,28769
C0974,AC100973,Current,86739
C0975,AC100974,Current,12295
C0976,AC100975,Salary,9318
C0977,AC100976,Salary,69649
C0978,AC100977,Savings,129337
C0979,AC100978,Current,100267
C0980,AC100979,Salary,32944
C0981,AC100980,Savings,93512
C0982,AC100981,Savings,40750
C0983,AC100982,Savings,23129
C0984,AC100983,Salary,24714
C0985,AC100984,Current,146648
C0986,AC100985,Current,111015
C0987,AC100986,Savings,101036
C0988,AC100987,Salary,21814
C0989,AC100988,Savings,46033
C0990,AC100989,Current,100780
C0991,AC100990,Savings,8721
C0992,AC100991,Savings,26871
C0993,AC100992,Salary,58606
C0994,AC100993,Salary,161978
C0995,AC100994,Savings,52887
C0996,AC100995,Savings,192045
C0997,AC100996,Savings,235979
C0998,AC100997,Savings,90018
C0999,AC100998,Savings,75152
C1000,AC100999,Current,33360
C1001,AC101000,Salary,43593
C1002,AC101001,Savings,117834
C1003,AC101002,Savings,6441
C1004,AC101003,Savings,256700
C1005,AC101004,Savings,8529
C1006,AC101005,Savings,22251
C1007,AC101006,Savings,96603
C1008,AC101007,Savings,131112
C1009,AC101008,Savings,90509
C1010,AC101009,Savings,86037
C1011,AC101010,Savings,99810
C1012,AC101011,Savings,61314
C1013,AC101012,Salary,112437
C1014,AC101013,Current,29986
C1015,AC101014,Salary,72923
C1016,AC101015,Savings,86485
C1017,AC101016,Savings,30177
C1018,AC101017,Savings,54671
C1019,AC101018,Savings,79807
C1020,AC101019,Current,89320
C1021,AC101020,Savings,74582
C1022,AC101021,Savings,17886
C1023,AC101022,Current,69041
C1024,AC101023,Savings,8830
C1025,AC101024,Salary,11307
C1026,AC101025,Savings,18234
C1027,AC101026,Current,26437
C1028,AC101027,Savings,156059
C1029,AC101028,Salary,54791
C1030,AC101029,Savings,151243
C1031,AC101030,Current,59975
C1032,AC101031,Savings,20974
C1033,AC101032,Current,42589
C1034,AC101033,Savings,32435
C1035,AC101034,Savings,53356
C1036,AC101035,Salary,12561
C1037,AC101036,Salary,32884
C1038,AC101037,Savings,137200
C1039,AC101038,Salary,73398
C1040,AC101039,Savings,116593
C1041,AC101040,Salary,90697
C1042,AC101041,Current,63849
C1043,AC101042,Savings,36130
C1044,AC101043,Salary,207202
C1045,AC101044,Salary,11002
C1046,AC101045,Savings,63155
C1047,AC101046,Salary,181989
C1048,AC101047,Savings,42780
C1049,AC101048,Salary,15877
C1050,AC101049,Current,12011
C1051,AC101050,Savings,104827
C1052,AC101051,Current,461197
C1053,AC101052,Current,74629
C1054,AC101053,Current,66993
C1055,AC101054,Savings,168857
C1056,AC101055,Savings,26939
C1057,AC101056,Current,16566
C1058,AC101057,Savings,38735
C1059,AC101058,Savings,67315
C1060,AC101059,Current,64947
C1061,AC101060,Savings,45299
C1062,AC101061,Current,102289
C1063,AC101062,Current,78430
C1064,AC101063,Current,17402
C1065,AC101064,Savings,96289
C1066,AC101065,Savings,12017
C1067,AC101066,Savings,188438
C1068,AC101067,Salary,33360
C1069,AC101068,Savings,292741
C1070,AC101069,Salary,52420
C1071,AC101070,Current,83417
C1072,AC101071,Salary,97129
C1073,AC101072,Savings,74777
C1074,AC101073,Savings,10853
C1075,AC101074,Salary,111421
C1076,AC101075,Savings,83972
C1077,AC101076,Savings,86336
C1078,AC101077,Savings,70332
C1079,AC101078,Salary,40407
C1080,AC101079,Current,164158
C1081,AC101080,Savings,114294
C1082,AC101081,Current,9857
C1083,AC101082,Savings,76762
C1084,AC101083,Current,57135
C1085,AC101084,Savings,29173
C1086,AC101085,Salary,68284
C1087,AC101086,Savings,59024
C1088,AC101087,Savings,11520
C1089,AC101088,Savings,12424
C1090,AC101089,Savings,148575
C1091,AC101090,Current,25893
C1092,AC101091,Savings,186809
C1093,AC101092,Savings,92085
C1094,AC101093,Savings,40320
C1095,AC101094,Savings,43462
C1096,AC101095,Savings,114602
C1097,AC101096,Savings,17987
C1098,AC101097,Savings,72780
C1099,AC101098,Savings,72523
C1100,AC101099,Savings,156662
C1101,AC101100,Salary,45019
C1102,AC101101,Current,13568
C1103,AC101102,Savings,92635
C1104,AC101103,Current,69792
C1105,AC101104,Salary,62944
C1106,AC101105,Savings,7854
C1107,AC101106,Salary,74615
C1108,AC101107,Savings,68469
C1109,AC101108,Salary,104223
C1110,AC101109,Savings,84229
C1111,AC101110,Savings,44602
C1112,AC101111,Savings,48089
C1113,AC101112,Salary,88689
C1114,AC101113,Salary,15064
C1115,AC101114,Savings,102863
C1116,AC101115,Savings,11726
C1117,AC101116,Savings,14128
C1118,AC101117,Savings,53632
C1119,AC101118,Savings,49939
C1120,AC101119,Savings,23854
C1121,AC101120,Salary,92566
C1122,AC101121,Current,33295
C1123,AC101122,Savings,66250
C1124,AC101123,Savings,31371
C1125,AC101124,Salary,219071
C1126,AC101125,Current,90460
C1127,AC101126,Current,9215
C1128,AC101127,Salary,30096
C1129,AC101128,Salary,14207
C1130,AC101129,Savings,12822
C1131,AC101130,Savings,37671
C1132,AC101131,Salary,12312
C1133,AC101132,Savings,205518
C1134,AC101133,Savings,11061
C1135,AC101134,Savings,32452
C1136,AC101135,Current,40456
C1137,AC101136,Salary,49237
C1138,AC101137,Savings,23980
C1139,AC101138,Savings,33288
C1140,AC101139,Salary,51203
C1141,AC101140,Savings,19149
C1142,AC101141,Savings,16432
C1143,AC101142,Salary,86241
C1144,AC101143,Savings,86517
C1145,AC101144,Savings,236640
C1146,AC101145,Current,118669
C1147,AC101146,Savings,176678
C1148,AC101147,Salary,65035
C1149,AC101148,Savings,128240
C1150,AC101149,Savings,34182
C1151,AC101150,Savings,7039
C1152,AC101151,Savings,72633
C1153,AC101152,Salary,56533
C1154,AC101153,Salary,47305
C1155,AC101154,Salary,64607
C1156,AC101155,Savings,52693
C1157,AC101156,Current,400405
C1158,AC101157,Savings,12592
C1159,AC101158,Salary,38491
C1160,AC101159,Current,111552
C1161,AC101160,Savings,59426
C1162,AC101161,Savings,105510
C1163,AC101162,Savings,32962
C1164,AC101163,Savings,43924
C1165,AC101164,Salary,35847
C1166,AC101165,Savings,114332
C1167,AC101166,Savings,31187
C1168,AC101167,Savings,23104
C1169,AC101168,Salary,49333
C1170,AC101169,Savings,41442
C1171,AC101170,Savings,46976
C1172,AC101171,Savings,43785
C1173,AC101172,Current,136194
C1174,AC101173,Savings,5715
C1175,AC101174,Current,14751
C1176,AC101175,Savings,62901
C1177,AC101176,Savings,50398
C1178,AC101177,Savings,80523
C1179,AC101178,Savings,48009
C1180,AC101179,Savings,26181
C1181,AC101180,Savings,25270
C1182,AC101181,Current,234255
C1183,AC101182,Savings,7951
C1184,AC101183,Savings,44728
C1185,AC101184,Salary,127147
C1186,AC101185,Savings,103434
C1187,AC101186,Current,194749
C1188,AC101187,Salary,82207
C1189,AC101188,Savings,111007
C1190,AC101189,Current,20204
C1191,AC101190,Savings,14066
C1192,AC101191,Savings,163043
C1193,AC101192,Savings,55461
C1194,AC101193,Savings,77158
C1195,AC101194,Savings,26794
C1196,AC101195,Savings,71511
C1197,AC101196,Savings,28679
C1198,AC101197,Savings,124365
C1199,AC101198,Savings,133006
C1200,AC101199,Savings,63291
C1201,AC101200,Savings,158468
C1202,AC101201,Savings,38530
C1203,AC101202,Current,40875
C1204,AC101203,Savings,50989
C1205,AC101204,Salary,49078
C1206,AC101205,Salary,101145
C1207,AC101206,Savings,21849
C1208,AC101207,Current,193854
C1209,AC101208,Savings,70011
C1210,AC101209,Savings,6392
C1211,AC101210,Salary,67039
C1212,AC101211,Savings,53587
C1213,AC101212,Salary,44240
C1214,AC101213,Savings,63077
C1215,AC101214,Savings,98297
C1216,AC101215,Savings,81186
C1217,AC101216,Savings,364318
C1218,AC101217,Savings,25346
C1219,AC101218,Savings,78535
C1220,AC101219,Current,29801
C1221,AC101220,Savings,18893
C1222,AC101221,Savings,177351
C1223,AC101222,Savings,108588
C1224,AC101223,Salary,9785
C1225,AC101224,Savings,109908
C1226,AC101225,Savings,15448
C1227,AC101226,Salary,128154
C1228,AC101227,Savings,242084
C1229,AC101228,Savings,114440
C1230,AC101229,Salary,34568
C1231,AC101230,Current,99130
C1232,AC101231,Savings,112085
C1233,AC101232,Savings,76546
C1234,AC101233,Current,137704
C1235,AC101234,Savings,78570
C1236,AC101235,Salary,50390
C1237,AC101236,Savings,29377
C1238,AC101237,Savings,87667
C1239,AC101238,Savings,15027
C1240,AC101239,Current,48709
C1241,AC101240,Salary,33798
C1242,AC101241,Current,12086
C1243,AC101242,Salary,16666
C1244,AC101243,Savings,64537
C1245,AC101244,Savings,38550
C1246,AC101245,Salary,65484
C1247,AC101246,Salary,91263
C1248,AC101247,Salary,66567
C1249,AC101248,Salary,10916
C1250,AC101249,Savings,195555
C1251,AC101250,Savings,7246
C1252,AC101251,Salary,169402
C1253,AC101252,Savings,23024
C1254,AC101253,Savings,128669
C1255,AC101254,Current,28413
C1256,AC101255,Savings,15399
C1257,AC101256,Salary,11024
C1258,AC101257,Savings,30961
C1259,AC101258,Salary,26977
C1260,AC101259,Current,39098
C1261,AC101260,Savings,213465
C1262,AC101261,Savings,50595
C1263,AC101262,Savings,58903
C1264,AC101263,Savings,101381
C1265,AC101264,Savings,60578
C1266,AC101265,Current,105568
C1267,AC101266,Savings,65263
C1268,AC101267,Savings,33587
C1269,AC101268,Savings,51297
C1270,AC101269,Current,66218
C1271,AC101270,Savings,14680
C1272,AC101271,Salary,72682
C1273,AC101272,Current,19264
C1274,AC101273,Current,40180
C1275,AC101274,Salary,21106
C1276,AC101275,Savings,107546
C1277,AC101276,Salary,62679
C1278,AC101277,Savings,50263
C1279,AC101278,Salary,21376
C1280,AC101279,Salary,104596
C1281,AC101280,Savings,73614
C1282,AC101281,Savings,123996
C1283,AC101282,Savings,26407
C1284,AC101283,Current,91582
C1285,AC101284,Savings,98620
C1286,AC101285,Savings,111843
C1287,AC101286,Savings,8573
C1288,AC101287,Savings,72010
C1289,AC101288,Salary,27087
C1290,AC101289,Current,78279
C1291,AC101290,Savings,58021
C1292,AC101291,Savings,51352
C1293,AC101292,Savings,116976
C1294,AC101293,Savings,36619
C1295,AC101294,Salary,48482
C1296,AC101295,Savings,120261
C1297,AC101296,Savings,19389
C1298,AC101297,Salary,139797
C1299,AC101298,Salary,134885
C1300,AC101299,Savings,39809
C1301,AC101300,Savings,171111
C1302,AC101301,Savings,499610
C1303,AC101302,Current,8856
C1304,AC101303,Salary,28600
C1305,AC101304,Savings,58510
C1306,AC101305,Savings,18645
C1307,AC101306,Salary,109467
C1308,AC101307,Current,218368
C1309,AC101308,Salary,88172
C1310,AC101309,Savings,103664
C1311,AC101310,Savings,16211
C1312,AC101311,Savings,17055
C1313,AC101312,Savings,58012
C1314,AC101313,Savings,51472
C1315,AC101314,Savings,6776
C1316,AC101315,Savings,122745
C1317,AC101316,Salary,27532
C1318,AC101317,Savings,73142
C1319,AC101318,Current,143988
C1320,AC101319,Savings,49527
C1321,AC101320,Salary,71846
C1322,AC101321,Savings,80533
C1323,AC101322,Current,28728
C1324,AC101323,Savings,155138
C1325,AC101324,Savings,139994
C1326,AC101325,Current,8310
C1327,AC101326,Savings,20222
C1328,AC101327,Savings,132129
C1329,AC101328,Salary,26241
C1330,AC101329,Salary,85373
C1331,AC101330,Savings,19783
C1332,AC101331,Savings,52812
C1333,AC101332,Savings,72974
C1334,AC101333,Savings,20949
C1335,AC101334,Salary,98533
C1336,AC101335,Savings,15953
C1337,AC101336,Savings,44511
C1338,AC101337,Salary,69990
C1339,AC101338,Savings,92586
C1340,AC101339,Current,20120
C1341,AC101340,Savings,85163
C1342,AC101341,Savings,25976
C1343,AC101342,Current,20151
C1344,AC101343,Savings,95965
C1345,AC101344,Savings,53140
C1346,AC101345,Savings,11985
C1347,AC101346,Savings,182245
C1348,AC101347,Savings,14690
C1349,AC101348,Savings,278799
C1350,AC101349,Savings,68919
C1351,AC101350,Savings,60017
C1352,AC101351,Current,22022
C1353,AC101352,Savings,101283
C1354,AC101353,Savings,160742
C1355,AC101354,Current,109298
C1356,AC101355,Savings,65232
C1357,AC101356,Current,24133
C1358,AC101357,Current,109318
C1359,AC101358,Savings,83112
C1360,AC101359,Savings,113794
C1361,AC101360,Salary,85283
C1362,AC101361,Savings,66364
C1363,AC101362,Salary,38530
C1364,AC101363,Savings,31695
C1365,AC101364,Savings,244113
C1366,AC101365,Savings,47729
C1367,AC101366,Savings,91374
C1368,AC101367,Savings,45553
C1369,AC101368,Current,70850
C1370,AC101369,Salary,69907
C1371,AC101370,Salary,60581
C1372,AC101371,Savings,41292
C1373,AC101372,Salary,16758
C1374,AC101373,Salary,101108
C1375,AC101374,Salary,118199
C1376,AC101375,Savings,62104
C1377,AC101376,Current,64968
C1378,AC101377,Current,77672
C1379,AC101378,Savings,59259
C1380,AC101379,Salary,35805
C1381,AC101380,Savings,7498
C1382,AC101381,Savings,84940
C1383,AC101382,Salary,89191
C1384,AC101383,Savings,23269
C1385,AC101384,Salary,53246
C1386,AC101385,Current,92729
C1387,AC101386,Savings,176125
C1388,AC101387,Savings,49500
C1389,AC101388,Current,94757
C1390,AC101389,Current,186433
C1391,AC101390,Salary,50559
C1392,AC101391,Salary,36470
C1393,AC101392,Savings,121355
C1394,AC101393,Savings,22328
C1395,AC101394,Salary,106111
C1396,AC101395,Savings,16732
C1397,AC101396,Savings,16781
C1398,AC101397,Salary,42509
C1399,AC101398,Salary,39338
C1400,AC101399,Current,68353
C1401,AC101400,Savings,55054
C1402,AC101401,Current,31592
C1403,AC101402,Current,171676
C1404,AC101403,Salary,96444
C1405,AC101404,Salary,71379
C1406,AC101405,Savings,12318
C1407,AC101406,Salary,30308
C1408,AC101407,Salary,283659
C1409,AC101408,Savings,46238
C1410,AC101409,Savings,92907
C1411,AC101410,Salary,136426
C1412,AC101411,Savings,104076
C1413,AC101412,Savings,36525
C1414,AC101413,Savings,73011
C1415,AC101414,Savings,23284
C1416,AC101415,Savings,11558
C1417,AC101416,Savings,123925
C1418,AC101417,Salary,7663
C1419,AC101418,Current,54872
C1420,AC101419,Current,101766
C1421,AC101420,Savings,93545
C1422,AC101421,Current,53123
C1423,AC101422,Current,51438
C1424,AC101423,Current,102956
C1425,AC101424,Savings,91024
C1426,AC101425,Savings,290256
C1427,AC101426,Salary,7119
C1428,AC101427,Current,31762
C1429,AC101428,Current,74384
C1430,AC101429,Current,23141
C1431,AC101430,Savings,39283
C1432,AC101431,Current,48839
C1433,AC101432,Savings,46072
C1434,AC101433,Current,96991
C1435,AC101434,Salary,64832
C1436,AC101435,Salary,8446
C1437,AC101436,Savings,52311
C1438,AC101437,Savings,44143
C1439,AC101438,Current,85688
C1440,AC101439,Salary,56474
C1441,AC101440,Savings,98999
C1442,AC101441,Savings,126256
C1443,AC101442,Savings,52034
C1444,AC101443,Current,73899
C1445,AC101444,Current,103815
C1446,AC101445,Salary,128843
C1447,AC101446,Savings,73650
C1448,AC101447,Current,43472
C1449,AC101448,Savings,65798
C1450,AC101449,Savings,63030
C1451,AC101450,Salary,8763
C1452,AC101451,Savings,82344
C1453,AC101452,Savings,92033
C1454,AC101453,Current,150735
C1455,AC101454,Savings,26989
C1456,AC101455,Savings,81745
C1457,AC101456,Savings,37573
C1458,AC101457,Current,81725
C1459,AC101458,Salary,45307
C1460,AC101459,Savings,37344
C1461,AC101460,Salary,65255
C1462,AC101461,Savings,19936
C1463,AC101462,Savings,80940
C1464,AC101463,Savings,45022
C1465,AC101464,Salary,35157
C1466,AC101465,Savings,53581
C1467,AC101466,Salary,90241
C1468,AC101467,Savings,92252
C1469,AC101468,Salary,74107
C1470,AC101469,Salary,134235
C1471,AC101470,Current,79555
C1472,AC101471,Salary,103417
C1473,AC101472,Current,38588
C1474,AC101473,Salary,10761
C1475,AC101474,Savings,35673
C1476,AC101475,Savings,196832
C1477,AC101476,Current,25571
C1478,AC101477,Savings,213706
C1479,AC101478,Savings,117876
C1480,AC101479,Savings,54239
C1481,AC101480,Savings,97128
C1482,AC101481,Current,116197
C1483,AC101482,Savings,85765
C1484,AC101483,Salary,58138
C1485,AC101484,Salary,76462
C1486,AC101485,Salary,87919
C1487,AC101486,Savings,108517
C1488,AC101487,Savings,70991
C1489,AC101488,Salary,10290
C1490,AC101489,Salary,29492
C1491,AC101490,Salary,137405
C1492,AC101491,Savings,27743
C1493,AC101492,Savings,83351
C1494,AC101493,Salary,25841
C1495,AC101494,Savings,3618
C1496,AC101495,Current,23221
C1497,AC101496,Salary,115167
C1498,AC101497,Current,74776
C1499,AC101498,Savings,76502
C1500,AC101499,Current,676487
C1501,AC101500,Salary,44786
C1502,AC101501,Current,21009
C1503,AC101502,Salary,37132
C1504,AC101503,Current,170846
C1505,AC101504,Current,86315
C1506,AC101505,Current,158430
C1507,AC101506,Savings,72924
C1508,AC101507,Savings,11783
C1509,AC101508,Savings,18594
C1510,AC101509,Savings,145034
C1511,AC101510,Savings,79050
C1512,AC101511,Savings,14100
C1513,AC101512,Salary,180315
C1514,AC101513,Savings,63383
C1515,AC101514,Savings,83579
C1516,AC101515,Savings,14239
C1517,AC101516,Current,94040
C1518,AC101517,Savings,48552
C1519,AC101518,Savings,40963
C1520,AC101519,Savings,104482
C1521,AC101520,Salary,88587
C1522,AC101521,Salary,68561
C1523,AC101522,Salary,158102
C1524,AC101523,Savings,50778
C1525,AC101524,Current,282926
C1526,AC101525,Current,110032
C1527,AC101526,Savings,72064
C1528,AC101527,Savings,110926
C1529,AC101528,Savings,8794
C1530,AC101529,Salary,98375
C1531,AC101530,Savings,12163
C1532,AC101531,Savings,20031
C1533,AC101532,Savings,77840
C1534,AC101533,Savings,111020
C1535,AC101534,Salary,25719
C1536,AC101535,Current,94990
C1537,AC101536,Current,25566
C1538,AC101537,Savings,57928
C1539,AC101538,Savings,111049
C1540,AC101539,Savings,44445
C1541,AC101540,Salary,18416
C1542,AC101541,Salary,20842
C1543,AC101542,Current,12637
C1544,AC101543,Savings,15960
C1545,AC101544,Savings,160241
C1546,AC101545,Savings,49793
C1547,AC101546,Salary,59033
C1548,AC101547,Current,22418
C1549,AC101548,Salary,72329
C1550,AC101549,Current,27245
C1551,AC101550,Savings,6942
C1552,AC101551,Savings,33192
C1553,AC101552,Savings,68787
C1554,AC101553,Savings,163006
C1555,AC101554,Savings,57353
C1556,AC101555,Current,130698
C1557,AC101556,Current,17046
C1558,AC101557,Savings,73450
C1559,AC101558,Savings,66703
C1560,AC101559,Savings,55439
C1561,AC101560,Current,42016
C1562,AC101561,Savings,9976
C1563,AC101562,Savings,58660
C1564,AC101563,Salary,70582
C1565,AC101564,Current,32511
C1566,AC101565,Savings,99001
C1567,AC101566,Current,192231
C1568,AC101567,Salary,118372
C1569,AC101568,Current,53515
C1570,AC101569,Savings,66685
C1571,AC101570,Savings,11718
C1572,AC101571,Current,13790
C1573,AC101572,Savings,82210
C1574,AC101573,Current,27708
C1575,AC101574,Salary,42698
C1576,AC101575,Salary,142955
C1577,AC101576,Savings,94944
C1578,AC101577,Savings,27680
C1579,AC101578,Savings,53077
C1580,AC101579,Current,116385
C1581,AC101580,Savings,24740
C1582,AC101581,Savings,86479
C1583,AC101582,Savings,37790
C1584,AC101583,Savings,119043
C1585,AC101584,Savings,22655
C1586,AC101585,Savings,27041
C1587,AC101586,Current,34070
C1588,AC101587,Savings,120184
C1589,AC101588,Savings,10013
C1590,AC101589,Salary,100059
C1591,AC101590,Salary,72708
C1592,AC101591,Savings,56345
C1593,AC101592,Savings,83031
C1594,AC101593,Current,123199
C1595,AC101594,Savings,27090
C1596,AC101595,Savings,111062
C1597,AC101596,Savings,28940
C1598,AC101597,Savings,20675
C1599,AC101598,Current,89442
C1600,AC101599,Salary,241000
C1601,AC101600,Salary,72025
C1602,AC101601,Savings,65062
C1603,AC101602,Savings,85310
C1604,AC101603,Current,43094
C1605,AC101604,Savings,9495
C1606,AC101605,Savings,78986
C1607,AC101606,Current,94684
C1608,AC101607,Salary,8001
C1609,AC101608,Savings,42896
C1610,AC101609,Salary,125315
C1611,AC101610,Savings,85584
C1612,AC101611,Savings,27337
C1613,AC101612,Savings,73522
C1614,AC101613,Current,23260
C1615,AC101614,Salary,62399
C1616,AC101615,Current,281382
C1617,AC101616,Savings,63389
C1618,AC101617,Savings,46587
C1619,AC101618,Savings,25034
C1620,AC101619,Savings,68203
C1621,AC101620,Savings,139730
C1622,AC101621,Salary,193649
C1623,AC101622,Current,64930
C1624,AC101623,Savings,24265
C1625,AC101624,Savings,92058
C1626,AC101625,Savings,48661
C1627,AC101626,Current,56527
C1628,AC101627,Salary,30764
C1629,AC101628,Current,25683
C1630,AC101629,Savings,45171
C1631,AC101630,Savings,101356
C1632,AC101631,Salary,174416
C1633,AC101632,Salary,80206
C1634,AC101633,Savings,96614
C1635,AC101634,Savings,98870
C1636,AC101635,Savings,178381
C1637,AC101636,Salary,56207
C1638,AC101637,Current,9812
C1639,AC101638,Current,10731
C1640,AC101639,Savings,48311
C1641,AC101640,Savings,71007
C1642,AC101641,Savings,124734
C1643,AC101642,Salary,111592
C1644,AC101643,Savings,9096
C1645,AC101644,Salary,70209
C1646,AC101645,Savings,59192
C1647,AC101646,Salary,105738
C1648,AC101647,Salary,76380
C1649,AC101648,Savings,8695
C1650,AC101649,Salary,71805
C1651,AC101650,Savings,100421
C1652,AC101651,Savings,105198
C1653,AC101652,Savings,34634
C1654,AC101653,Salary,132498
C1655,AC101654,Salary,109131
C1656,AC101655,Savings,6565
C1657,AC101656,Current,107130
C1658,AC101657,Current,20156
C1659,AC101658,Salary,24214
C1660,AC101659,Savings,106700
C1661,AC101660,Savings,21386
C1662,AC101661,Current,55623
C1663,AC101662,Savings,41505
C1664,AC101663,Savings,48682
C1665,AC101664,Current,96681
C1666,AC101665,Savings,153421
C1667,AC101666,Salary,113116
C1668,AC101667,Savings,14666
C1669,AC101668,Salary,62285
C1670,AC101669,Savings,886241
C1671,AC101670,Savings,69893
C1672,AC101671,Savings,45892
C1673,AC101672,Salary,23012
C1674,AC101673,Current,70812
C1675,AC101674,Savings,37067
C1676,AC101675,Savings,98392
C1677,AC101676,Current,80995
C1678,AC101677,Savings,39000
C1679,AC101678,Salary,36403
C1680,AC101679,Savings,127057
C1681,AC101680,Current,49245
C1682,AC101681,Current,88690
C1683,AC101682,Salary,33059
C1684,AC101683,Current,101730
C1685,AC101684,Savings,9346
C1686,AC101685,Savings,65345
C1687,AC101686,Current,159540
C1688,AC101687,Savings,208728
C1689,AC101688,Salary,98836
C1690,AC101689,Current,172761
C1691,AC101690,Savings,61590
C1692,AC101691,Savings,43949
C1693,AC101692,Savings,309759
C1694,AC101693,Savings,33564
C1695,AC101694,Savings,28087
C1696,AC101695,Savings,23084
C1697,AC101696,Savings,80474
C1698,AC101697,Savings,180648
C1699,AC101698,Savings,78126
C1700,AC101699,Savings,13950
C1701,AC101700,Savings,26612
C1702,AC101701,Current,47397
C1703,AC101702,Savings,22484
C1704,AC101703,Savings,38414
C1705,AC101704,Current,32290
C1706,AC101705,Salary,18896
C1707,AC101706,Savings,228564
C1708,AC101707,Savings,60308
C1709,AC101708,Savings,60345
C1710,AC101709,Savings,32162
C1711,AC101710,Salary,57160
C1712,AC101711,Current,64493
C1713,AC101712,Current,14089
C1714,AC101713,Savings,22616
C1715,AC101714,Current,24552
C1716,AC101715,Savings,17671
C1717,AC101716,Current,26041
C1718,AC101717,Savings,28928
C1719,AC101718,Savings,53082
C1720,AC101719,Savings,99538
C1721,AC101720,Salary,84698
C1722,AC101721,Savings,12648
C1723,AC101722,Savings,63954
C1724,AC101723,Savings,145163
C1725,AC101724,Savings,68024
C1726,AC101725,Current,24058
C1727,AC101726,Current,68472
C1728,AC101727,Current,53472
C1729,AC101728,Savings,86581
C1730,AC101729,Current,137308
C1731,AC101730,Salary,159270
C1732,AC101731,Savings,64018
C1733,AC101732,Savings,42243
C1734,AC101733,Salary,50059
C1735,AC101734,Savings,63201
C1736,AC101735,Savings,47646
C1737,AC101736,Savings,45695
C1738,AC101737,Savings,201140
C1739,AC101738,Savings,10416
C1740,AC101739,Savings,89581
C1741,AC101740,Current,51291
C1742,AC101741,Savings,47069
C1743,AC101742,Salary,15512
C1744,AC101743,Savings,106311
C1745,AC101744,Salary,77009
C1746,AC101745,Salary,39893
C1747,AC101746,Current,8056
C1748,AC101747,Salary,47169
C1749,AC101748,Current,56793
C1750,AC101749,Salary,58363
C1751,AC101750,Savings,93184
C1752,AC101751,Savings,18638
C1753,AC101752,Current,113042
C1754,AC101753,Savings,15572
C1755,AC101754,Salary,61030
C1756,AC101755,Salary,54691
C1757,AC101756,Savings,81781
C1758,AC101757,Salary,405439
C1759,AC101758,Savings,43872
C1760,AC101759,Savings,69317
C1761,AC101760,Savings,43928
C1762,AC101761,Savings,25378
C1763,AC101762,Savings,61755
C1764,AC101763,Savings,24972
C1765,AC101764,Savings,45043
C1766,AC101765,Salary,32060
C1767,AC101766,Current,10883
C1768,AC101767,Savings,116996
C1769,AC101768,Savings,83789
C1770,AC101769,Salary,32159
C1771,AC101770,Salary,39643
C1772,AC101771,Savings,76875
C1773,AC101772,Savings,98147
C1774,AC101773,Salary,28610
C1775,AC101774,Current,103290
C1776,AC101775,Savings,64807
C1777,AC101776,Current,19142
C1778,AC101777,Savings,20425
C1779,AC101778,Current,41605
C1780,AC101779,Savings,141997
C1781,AC101780,Savings,111796
C1782,AC101781,Savings,101805
C1783,AC101782,Salary,47423
C1784,AC101783,Current,33421
C1785,AC101784,Current,122989
C1786,AC101785,Current,32249
C1787,AC101786,Savings,135327
C1788,AC101787,Salary,31277
C1789,AC101788,Savings,56060
C1790,AC101789,Salary,74240
C1791,AC101790,Savings,169910
C1792,AC101791,Savings,15295
C1793,AC101792,Savings,12108
C1794,AC101793,Salary,73227
C1795,AC101794,Salary,158536
C1796,AC101795,Current,38950
C1797,AC101796,Savings,53201
C1798,AC101797,Salary,89344
C1799,AC101798,Savings,13415
C1800,AC101799,Salary,21575
C1801,AC101800,Current,30848
C1802,AC101801,Savings,19107
C1803,AC101802,Savings,102737
C1804,AC101803,Savings,164140
C1805,AC101804,Savings,162024
C1806,AC101805,Savings,21619
C1807,AC101806,Savings,110649
C1808,AC101807,Savings,113178
C1809,AC101808,Current,40453
C1810,AC101809,Salary,22381
C1811,AC101810,Savings,260813
C1812,AC101811,Savings,23911
C1813,AC101812,Savings,190753
C1814,AC101813,Savings,108105
C1815,AC101814,Salary,29855
C1816,AC101815,Savings,57205
C1817,AC101816,Salary,17404
C1818,AC101817,Savings,51520
C1819,AC101818,Current,66354
C1820,AC101819,Savings,83849
C1821,AC101820,Salary,117391
C1822,AC101821,Salary,111669
C1823,AC101822,Current,11867
C1824,AC101823,Salary,164052
C1825,AC101824,Savings,199011
C1826,AC101825,Salary,186100
C1827,AC101826,Savings,15316
C1828,AC101827,Savings,63918
C1829,AC101828,Savings,303695
C1830,AC101829,Salary,36494
C1831,AC101830,Salary,70977
C1832,AC101831,Salary,73190
C1833,AC101832,Salary,37799
C1834,AC101833,Savings,34706
C1835,AC101834,Salary,243529
C1836,AC101835,Salary,31524
C1837,AC101836,Savings,96375
C1838,AC101837,Savings,77977
C1839,AC101838,Current,58807
C1840,AC101839,Salary,152559
C1841,AC101840,Salary,80742
C1842,AC101841,Salary,42844
C1843,AC101842,Salary,65645
C1844,AC101843,Salary,33495
C1845,AC101844,Current,70821
C1846,AC101845,Current,83885
C1847,AC101846,Savings,69456
C1848,AC101847,Current,85808
C1849,AC101848,Savings,100362
C1850,AC101849,Salary,65191
C1851,AC101850,Savings,179707
C1852,AC101851,Savings,92780
C1853,AC101852,Savings,10973
C1854,AC101853,Current,184636
C1855,AC101854,Savings,163195
C1856,AC101855,Savings,20181
C1857,AC101856,Savings,139862
C1858,AC101857,Savings,35732
C1859,AC101858,Savings,102803
C1860,AC101859,Savings,57952
C1861,AC101860,Savings,18755
C1862,AC101861,Savings,85597
C1863,AC101862,Savings,15559
C1864,AC101863,Savings,32598
C1865,AC101864,Salary,43944
C1866,AC101865,Savings,70201
C1867,AC101866,Savings,47446
C1868,AC101867,Savings,214010
C1869,AC101868,Savings,94795
C1870,AC101869,Savings,23566
C1871,AC101870,Savings,53529
C1872,AC101871,Current,143847
C1873,AC101872,Current,39082
C1874,AC101873,Savings,47058
C1875,AC101874,Current,10827
C1876,AC101875,Savings,77845
C1877,AC101876,Salary,25183
C1878,AC101877,Savings,241953
C1879,AC101878,Current,171301
C1880,AC101879,Savings,15374
C1881,AC101880,Salary,104622
C1882,AC101881,Savings,84099
C1883,AC101882,Savings,77337
C1884,AC101883,Current,125336
C1885,AC101884,Savings,61944
C1886,AC101885,Current,114262
C1887,AC101886,Current,80239
C1888,AC101887,Savings,77267
C1889,AC101888,Savings,105498
C1890,AC101889,Savings,60709
C1891,AC101890,Current,40498
C1892,AC101891,Savings,30986
C1893,AC101892,Savings,49325
C1894,AC101893,Salary,60995
C1895,AC101894,Savings,55536
C1896,AC101895,Salary,17427
C1897,AC101896,Current,95749
C1898,AC101897,Savings,27341
C1899,AC101898,Savings,143954
C1900,AC101899,Current,79864
C1901,AC101900,Savings,176829
C1902,AC101901,Savings,221431
C1903,AC101902,Savings,112167
C1904,AC101903,Salary,147359
C1905,AC101904,Current,28497
C1906,AC101905,Savings,69873
C1907,AC101906,Savings,85693
C1908,AC101907,Salary,109789
C1909,AC101908,Salary,45485
C1910,AC101909,Savings,62770
C1911,AC101910,Savings,236592
C1912,AC101911,Salary,100246
C1913,AC101912,Salary,62304
C1914,AC101913,Current,59683
C1915,AC101914,Salary,125036
C1916,AC101915,Current,95562
C1917,AC101916,Savings,85043
C1918,AC101917,Current,36839
C1919,AC101918,Current,87502
C1920,AC101919,Salary,21562
C1921,AC101920,Savings,28472
C1922,AC101921,Current,98689
C1923,AC101922,Salary,146856
C1924,AC101923,Savings,68368
C1925,AC101924,Savings,76416
C1926,AC101925,Salary,44100
C1927,AC101926,Savings,29477
C1928,AC101927,Current,149621
C1929,AC101928,Salary,20956
C1930,AC101929,Savings,37953
C1931,AC101930,Salary,97127
C1932,AC101931,Current,29823
C1933,AC101932,Savings,143438
C1934,AC101933,Savings,44872
C1935,AC101934,Salary,135486
C1936,AC101935,Savings,58150
C1937,AC101936,Savings,19135
C1938,AC101937,Savings,112717
C1939,AC101938,Savings,243828
C1940,AC101939,Savings,83453
C1941,AC101940,Salary,25902
C1942,AC101941,Salary,43480
C1943,AC101942,Savings,81858
C1944,AC101943,Savings,26151
C1945,AC101944,Current,53932
C1946,AC101945,Savings,108030
C1947,AC101946,Salary,16019
C1948,AC101947,Salary,25086
C1949,AC101948,Salary,25666
C1950,AC101949,Savings,98175
C1951,AC101950,Savings,41188
C1952,AC101951,Savings,93996
C1953,AC101952,Savings,22608
C1954,AC101953,Savings,64000
C1955,AC101954,Salary,22131
C1956,AC101955,Salary,64417
C1957,AC101956,Salary,160328
C1958,AC101957,Salary,223099
C1959,AC101958,Savings,100929
C1960,AC101959,Current,129985
C1961,AC101960,Savings,36690
C1962,AC101961,Savings,19799
C1963,AC101962,Savings,33465
C1964,AC101963,Current,165150
C1965,AC101964,Current,66903
C1966,AC101965,Savings,179361
C1967,AC101966,Savings,53572
C1968,AC101967,Savings,27961
C1969,AC101968,Savings,21904
C1970,AC101969,Savings,33678
C1971,AC101970,Current,124752
C1972,AC101971,Salary,54273
C1973,AC101972,Savings,286794
C1974,AC101973,Current,204796
C1975,AC101974,Savings,180479
C1976,AC101975,Salary,65372
C1977,AC101976,Savings,109107
C1978,AC101977,Salary,62471
C1979,AC101978,Salary,43147
C1980,AC101979,Salary,33880
C1981,AC101980,Savings,167413
C1982,AC101981,Current,70575
C1983,AC101982,Savings,15017
C1984,AC101983,Savings,99606
C1985,AC101984,Savings,95905
C1986,AC101985,Salary,8790
C1987,AC101986,Salary,81229
C1988,AC101987,Savings,63732
C1989,AC101988,Savings,48424
C1990,AC101989,Salary,169346
C1991,AC101990,Savings,92533
C1992,AC101991,Savings,93198
C1993,AC101992,Savings,31972
C1994,AC101993,Salary,100096
C1995,AC101994,Savings,36583
C1996,AC101995,Salary,21367
C1997,AC101996,Savings,30522
C1998,AC101997,Savings,76722
C1999,AC101998,Savings,16840
C2000,AC101999,Savings,20170
C2001,AC102000,Savings,46662
C2002,AC102001,Savings,68176
C2003,AC102002,Salary,75700
C2004,AC102003,Savings,162604
C2005,AC102004,Current,145412
C2006,AC102005,Salary,9568
C2007,AC102006,Salary,63257
C2008,AC102007,Salary,60083
C2009,AC102008,Savings,30439
C2010,AC102009,Savings,112474
C2011,AC102010,Salary,32526
C2012,AC102011,Salary,44742
C2013,AC102012,Salary,21648
C2014,AC102013,Current,8947
C2015,AC102014,Current,64123
C2016,AC102015,Savings,104201
C2017,AC102016,Current,52445
C2018,AC102017,Savings,26146
C2019,AC102018,Savings,18113
C2020,AC102019,Savings,90888
C2021,AC102020,Savings,199273
C2022,AC102021,Savings,22127
C2023,AC102022,Salary,45010
C2024,AC102023,Salary,108022
C2025,AC102024,Current,22029
C2026,AC102025,Savings,23357
C2027,AC102026,Salary,233778
C2028,AC102027,Savings,20077
C2029,AC102028,Current,91988
C2030,AC102029,Savings,163492
C2031,AC102030,Savings,26309
C2032,AC102031,Current,33277
C2033,AC102032,Current,42247
C2034,AC102033,Savings,180116
C2035,AC102034,Savings,125166
C2036,AC102035,Savings,108566
C2037,AC102036,Savings,15386
C2038,AC102037,Current,31338
C2039,AC102038,Savings,13427
C2040,AC102039,Savings,116734
C2041,AC102040,Savings,29323
C2042,AC102041,Savings,25287
C2043,AC102042,Savings,92462
C2044,AC102043,Current,18544
C2045,AC102044,Savings,51841
C2046,AC102045,Savings,24547
C2047,AC102046,Savings,44275
C2048,AC102047,Savings,40644
C2049,AC102048,Savings,70891
C2050,AC102049,Savings,62740
C2051,AC102050,Savings,88018
C2052,AC102051,Savings,60365
C2053,AC102052,Salary,71825
C2054,AC102053,Current,21152
C2055,AC102054,Current,28980
C2056,AC102055,Savings,29473
C2057,AC102056,Current,105729
C2058,AC102057,Salary,298956
C2059,AC102058,Current,19889
C2060,AC102059,Savings,91136
C2061,AC102060,Savings,135658
C2062,AC102061,Savings,7756
C2063,AC102062,Savings,73222
C2064,AC102063,Savings,26200
C2065,AC102064,Salary,28299
C2066,AC102065,Current,61199
C2067,AC102066,Savings,67598
C2068,AC102067,Savings,159321
C2069,AC102068,Savings,35798
C2070,AC102069,Savings,183814
C2071,AC102070,Savings,132272
C2072,AC102071,Savings,134225
C2073,AC102072,Savings,297064
C2074,AC102073,Salary,174127
C2075,AC102074,Savings,87170
C2076,AC102075,Savings,36747
C2077,AC102076,Savings,40437
C2078,AC102077,Savings,154205
C2079,AC102078,Savings,117179
C2080,AC102079,Current,73182
C2081,AC102080,Savings,28732
C2082,AC102081,Savings,166014
C2083,AC102082,Salary,116903
C2084,AC102083,Savings,41806
C2085,AC102084,Savings,77369
C2086,AC102085,Savings,40039
C2087,AC102086,Salary,10285
C2088,AC102087,Savings,117545
C2089,AC102088,Savings,48821
C2090,AC102089,Salary,32349
C2091,AC102090,Savings,287685
C2092,AC102091,Savings,42226
C2093,AC102092,Savings,46070
C2094,AC102093,Current,41404
C2095,AC102094,Salary,36539
C2096,AC102095,Salary,21495
C2097,AC102096,Salary,52743
C2098,AC102097,Salary,24752
C2099,AC102098,Current,139803
C2100,AC102099,Salary,97442
C2101,AC102100,Savings,15930
C2102,AC102101,Current,41351
C2103,AC102102,Savings,72311
C2104,AC102103,Savings,44241
C2105,AC102104,Current,22524
C2106,AC102105,Savings,34814
C2107,AC102106,Savings,85556
C2108,AC102107,Savings,78013
C2109,AC102108,Salary,51837
C2110,AC102109,Current,73903
C2111,AC102110,Savings,411239
C2112,AC102111,Savings,50680
C2113,AC102112,Savings,225214
C2114,AC102113,Savings,59885
C2115,AC102114,Savings,25157
C2116,AC102115,Salary,37837
C2117,AC102116,Savings,56915
C2118,AC102117,Savings,128704
C2119,AC102118,Savings,35209
C2120,AC102119,Savings,60016
C2121,AC102120,Savings,205029
C2122,AC102121,Savings,47116
C2123,AC102122,Savings,23668
C2124,AC102123,Salary,98077
C2125,AC102124,Current,106620
C2126,AC102125,Savings,106624
C2127,AC102126,Savings,106261
C2128,AC102127,Current,86655
C2129,AC102128,Savings,41431
C2130,AC102129,Current,84413
C2131,AC102130,Salary,287723
C2132,AC102131,Savings,57149
C2133,AC102132,Current,13612
C2134,AC102133,Salary,56104
C2135,AC102134,Savings,27187
C2136,AC102135,Current,30582
C2137,AC102136,Savings,70837
C2138,AC102137,Savings,29616
C2139,AC102138,Current,272831
C2140,AC102139,Current,136931
C2141,AC102140,Salary,312626
C2142,AC102141,Savings,172106
C2143,AC102142,Savings,139428
C2144,AC102143,Savings,106687
C2145,AC102144,Savings,70746
C2146,AC102145,Savings,54813
C2147,AC102146,Savings,164571
C2148,AC102147,Savings,123397
C2149,AC102148,Savings,40906
C2150,AC102149,Savings,11296
C2151,AC102150,Salary,9376
C2152,AC102151,Salary,109147
C2153,AC102152,Savings,57007
C2154,AC102153,Salary,91988
C2155,AC102154,Current,253209
C2156,AC102155,Salary,26890
C2157,AC102156,Savings,21451
C2158,AC102157,Savings,41596
C2159,AC102158,Salary,238213
C2160,AC102159,Savings,15222
C2161,AC102160,Salary,23146
C2162,AC102161,Salary,95953
C2163,AC102162,Salary,24870
C2164,AC102163,Savings,66459
C2165,AC102164,Savings,40904
C2166,AC102165,Savings,77332
C2167,AC102166,Salary,33370
C2168,AC102167,Savings,52794
C2169,AC102168,Savings,250896
C2170,AC102169,Savings,161319
C2171,AC102170,Savings,151024
C2172,AC102171,Savings,10307
C2173,AC102172,Savings,24673
C2174,AC102173,Salary,19350
C2175,AC102174,Savings,53089
C2176,AC102175,Salary,136029
C2177,AC102176,Current,75529
C2178,AC102177,Current,118231
C2179,AC102178,Current,6366
C2180,AC102179,Savings,29733
C2181,AC102180,Savings,128462
C2182,AC102181,Salary,16199
C2183,AC102182,Savings,121747
C2184,AC102183,Savings,103123
C2185,AC102184,Savings,143149
C2186,AC102185,Current,93350
C2187,AC102186,Savings,44111
C2188,AC102187,Savings,71012
C2189,AC102188,Savings,11783
C2190,AC102189,Salary,163352
C2191,AC102190,Savings,35716
C2192,AC102191,Current,10672
C2193,AC102192,Current,29210
C2194,AC102193,Salary,43978
C2195,AC102194,Savings,29956
C2196,AC102195,Current,6537
C2197,AC102196,Savings,29787
C2198,AC102197,Savings,19949
C2199,AC102198,Current,176909
C2200,AC102199,Salary,43238
C2201,AC102200,Current,104202
C2202,AC102201,Salary,235158
C2203,AC102202,Savings,146083
C2204,AC102203,Salary,48678
C2205,AC102204,Savings,51582
C2206,AC102205,Current,17176
C2207,AC102206,Savings,116657
C2208,AC102207,Savings,14418
C2209,AC102208,Savings,28710
C2210,AC102209,Savings,24996
C2211,AC102210,Savings,54232
C2212,AC102211,Savings,96274
C2213,AC102212,Savings,28900
C2214,AC102213,Savings,64036
C2215,AC102214,Savings,12500
C2216,AC102215,Savings,234700
C2217,AC102216,Savings,93177
C2218,AC102217,Savings,88444
C2219,AC102218,Salary,45138
C2220,AC102219,Salary,163282
C2221,AC102220,Savings,45744
C2222,AC102221,Current,43233
C2223,AC102222,Current,11970
C2224,AC102223,Savings,32183
C2225,AC102224,Current,56043
C2226,AC102225,Savings,52374
C2227,AC102226,Savings,120443
C2228,AC102227,Savings,12777
C2229,AC102228,Savings,41307
C2230,AC102229,Current,32843
C2231,AC102230,Savings,21403
C2232,AC102231,Savings,41761
C2233,AC102232,Savings,112228
C2234,AC102233,Current,50271
C2235,AC102234,Salary,195546
C2236,AC102235,Current,20657
C2237,AC102236,Savings,386140
C2238,AC102237,Savings,47094
C2239,AC102238,Savings,5812
C2240,AC102239,Savings,222524
C2241,AC102240,Savings,44415
C2242,AC102241,Savings,96984
C2243,AC102242,Current,13068
C2244,AC102243,Salary,60326
C2245,AC102244,Current,78866
C2246,AC102245,Savings,51351
C2247,AC102246,Savings,6196
C2248,AC102247,Savings,288516
C2249,AC102248,Current,96794
C2250,AC102249,Current,47571
C2251,AC102250,Salary,231034
C2252,AC102251,Savings,78892
C2253,AC102252,Salary,72814
C2254,AC102253,Savings,40991
C2255,AC102254,Salary,70634
C2256,AC102255,Current,19791
C2257,AC102256,Current,83847
C2258,AC102257,Savings,18254
C2259,AC102258,Current,65020
C2260,AC102259,Savings,66960
C2261,AC102260,Savings,70957
C2262,AC102261,Savings,56536
C2263,AC102262,Savings,141132
C2264,AC102263,Current,95762
C2265,AC102264,Savings,80336
C2266,AC102265,Savings,102451
C2267,AC102266,Savings,195027
C2268,AC102267,Savings,155428
C2269,AC102268,Savings,52105
C2270,AC102269,Savings,31696
C2271,AC102270,Savings,119312
C2272,AC102271,Savings,104632
C2273,AC102272,Salary,58787
C2274,AC102273,Savings,144334
C2275,AC102274,Current,80837
C2276,AC102275,Savings,93416
C2277,AC102276,Salary,7186
C2278,AC102277,Savings,41212
C2279,AC102278,Savings,72348
C2280,AC102279,Savings,31173
C2281,AC102280,Savings,144957
C2282,AC102281,Current,123096
C2283,AC102282,Savings,17460
C2284,AC102283,Savings,12310
C2285,AC102284,Salary,64636
C2286,AC102285,Current,11195
C2287,AC102286,Savings,90011
C2288,AC102287,Savings,72730
C2289,AC102288,Savings,48446
C2290,AC102289,Salary,56135
C2291,AC102290,Salary,74911
C2292,AC102291,Salary,89310
C2293,AC102292,Salary,21820
C2294,AC102293,Savings,38931
C2295,AC102294,Savings,128743
C2296,AC102295,Savings,23395
C2297,AC102296,Current,114039
C2298,AC102297,Salary,61537
C2299,AC102298,Savings,27152
C2300,AC102299,Savings,20007
C2301,AC102300,Salary,66700
C2302,AC102301,Savings,61298
C2303,AC102302,Salary,87158
C2304,AC102303,Savings,132373
C2305,AC102304,Savings,32733
C2306,AC102305,Savings,35782
C2307,AC102306,Current,52452
C2308,AC102307,Savings,31442
C2309,AC102308,Savings,122570
C2310,AC102309,Salary,62831
C2311,AC102310,Current,304012
C2312,AC102311,Current,18530
C2313,AC102312,Savings,18451
C2314,AC102313,Salary,50554
C2315,AC102314,Savings,127918
C2316,AC102315,Savings,68405
C2317,AC102316,Savings,46576
C2318,AC102317,Savings,32656
C2319,AC102318,Salary,49255
C2320,AC102319,Savings,73115
C2321,AC102320,Savings,19929
C2322,AC102321,Salary,23744
C2323,AC102322,Current,22970
C2324,AC102323,Current,153935
C2325,AC102324,Savings,242761
C2326,AC102325,Current,10814
C2327,AC102326,Savings,23069
C2328,AC102327,Salary,103033
C2329,AC102328,Savings,24610
C2330,AC102329,Current,245888
C2331,AC102330,Savings,214330
C2332,AC102331,Savings,62787
C2333,AC102332,Savings,30024
C2334,AC102333,Savings,25323
C2335,AC102334,Savings,40788
C2336,AC102335,Current,28442
C2337,AC102336,Savings,21875
C2338,AC102337,Current,15716
C2339,AC102338,Savings,47596
C2340,AC102339,Savings,41005
C2341,AC102340,Salary,16108
C2342,AC102341,Current,141937
C2343,AC102342,Savings,152753
C2344,AC102343,Savings,43285
C2345,AC102344,Current,46820
C2346,AC102345,Savings,19823
C2347,AC102346,Savings,169243
C2348,AC102347,Current,91016
C2349,AC102348,Savings,76785
C2350,AC102349,Savings,61699
C2351,AC102350,Salary,67008
C2352,AC102351,Current,102077
C2353,AC102352,Savings,32844
C2354,AC102353,Savings,42670
C2355,AC102354,Savings,41672
C2356,AC102355,Salary,429068
C2357,AC102356,Current,91124
C2358,AC102357,Savings,40687
C2359,AC102358,Savings,167438
C2360,AC102359,Savings,85184
C2361,AC102360,Savings,107832
C2362,AC102361,Current,16656
C2363,AC102362,Savings,82461
C2364,AC102363,Savings,15927
C2365,AC102364,Savings,26670
C2366,AC102365,Savings,48813
C2367,AC102366,Savings,116584
C2368,AC102367,Savings,67109
C2369,AC102368,Current,172251
C2370,AC102369,Salary,46271
C2371,AC102370,Salary,69747
C2372,AC102371,Savings,32668
C2373,AC102372,Current,355183
C2374,AC102373,Salary,58077
C2375,AC102374,Savings,40136
C2376,AC102375,Savings,77752
C2377,AC102376,Savings,25634
C2378,AC102377,Savings,69359
C2379,AC102378,Current,113632
C2380,AC102379,Savings,137936
C2381,AC102380,Savings,50796
C2382,AC102381,Savings,15887
C2383,AC102382,Savings,72291
C2384,AC102383,Savings,50365
C2385,AC102384,Savings,17789
C2386,AC102385,Savings,20767
C2387,AC102386,Salary,47209
C2388,AC102387,Salary,58091
C2389,AC102388,Salary,16259
C2390,AC102389,Current,86127
C2391,AC102390,Salary,287299
C2392,AC102391,Current,78749
C2393,AC102392,Current,35727
C2394,AC102393,Current,110033
C2395,AC102394,Savings,39235
C2396,AC102395,Savings,11947
C2397,AC102396,Current,82689
C2398,AC102397,Savings,141280
C2399,AC102398,Savings,94775
C2400,AC102399,Savings,38441
C2401,AC102400,Savings,53485
C2402,AC102401,Salary,80383
C2403,AC102402,Savings,14493
C2404,AC102403,Savings,82971
C2405,AC102404,Savings,60583
C2406,AC102405,Salary,70897
C2407,AC102406,Current,36567
C2408,AC102407,Current,203166
C2409,AC102408,Salary,77734
C2410,AC102409,Savings,41695
C2411,AC102410,Savings,93861
C2412,AC102411,Savings,184543
C2413,AC102412,Current,32114
C2414,AC102413,Current,103950
C2415,AC102414,Savings,29999
C2416,AC102415,Savings,37806
C2417,AC102416,Savings,76010
C2418,AC102417,Current,33078
C2419,AC102418,Savings,70573
C2420,AC102419,Savings,47264
C2421,AC102420,Savings,19238
C2422,AC102421,Current,146530
C2423,AC102422,Current,127923
C2424,AC102423,Savings,68262
C2425,AC102424,Current,189655
C2426,AC102425,Savings,70797
C2427,AC102426,Salary,65909
C2428,AC102427,Savings,167368
C2429,AC102428,Current,79450
C2430,AC102429,Savings,109043
C2431,AC102430,Savings,78972
C2432,AC102431,Current,189309
C2433,AC102432,Savings,15721
C2434,AC102433,Savings,201462
C2435,AC102434,Savings,42081
C2436,AC102435,Savings,77990
C2437,AC102436,Savings,22660
C2438,AC102437,Savings,118519
C2439,AC102438,Current,188001
C2440,AC102439,Current,78370
C2441,AC102440,Savings,30514
C2442,AC102441,Current,300738
C2443,AC102442,Salary,89334
C2444,AC102443,Savings,34852
C2445,AC102444,Savings,79870
C2446,AC102445,Current,28167
C2447,AC102446,Current,15146
C2448,AC102447,Savings,29559
C2449,AC102448,Savings,162643
C2450,AC102449,Savings,85629
C2451,AC102450,Salary,50247
C2452,AC102451,Savings,67955
C2453,AC102452,Salary,15140
C2454,AC102453,Savings,44155
C2455,AC102454,Savings,40859
C2456,AC102455,Savings,112885
C2457,AC102456,Current,62657
C2458,AC102457,Savings,92818
C2459,AC102458,Savings,23307
C2460,AC102459,Salary,335117
C2461,AC102460,Salary,48210
C2462,AC102461,Savings,6207
C2463,AC102462,Savings,64141
C2464,AC102463,Salary,15707
C2465,AC102464,Current,9599
C2466,AC102465,Savings,15554
C2467,AC102466,Salary,68367
C2468,AC102467,Savings,25693
C2469,AC102468,Current,133519
C2470,AC102469,Savings,54560
C2471,AC102470,Savings,53009
C2472,AC102471,Savings,73821
C2473,AC102472,Current,14954
C2474,AC102473,Salary,78955
C2475,AC102474,Savings,40364
C2476,AC102475,Savings,62182
C2477,AC102476,Savings,41650
C2478,AC102477,Salary,5097
C2479,AC102478,Salary,41773
C2480,AC102479,Salary,14724
C2481,AC102480,Savings,195726
C2482,AC102481,Salary,12846
C2483,AC102482,Savings,25856
C2484,AC102483,Savings,42058
C2485,AC102484,Savings,184452
C2486,AC102485,Savings,48370
C2487,AC102486,Salary,24284
C2488,AC102487,Current,78665
C2489,AC102488,Savings,20488
C2490,AC102489,Savings,93313
C2491,AC102490,Savings,120397
C2492,AC102491,Savings,58910
C2493,AC102492,Savings,31416
C2494,AC102493,Savings,99601
C2495,AC102494,Current,86895
C2496,AC102495,Salary,70010
C2497,AC102496,Salary,87458
C2498,AC102497,Salary,66694
C2499,AC102498,Salary,247282
C2500,AC102499,Savings,270606
